"sponsor.thomasid","sponsor.name","sponsor.party","cosponsor.thomasid","cosponsor.name","cosponsor.party","edge.weight"
7,"Akaka","Democrat",1369,"Inouye","Democrat",13
13,"Allen","Republican",1452,"Warner","Republican",13
66,"Baucus","Democrat",267,"Daschle","Democrat",7
66,"Baucus","Democrat",1409,"Murray","Democrat",7
66,"Baucus","Democrat",1298,"Burns","Republican",6
66,"Baucus","Democrat",604,"Johnson","Democrat",15
66,"Baucus","Democrat",457,"Grassley","Republican",10
66,"Baucus","Democrat",246,"Craig","Republican",8
66,"Baucus","Democrat",1624,"Miller","Democrat",10
66,"Baucus","Democrat",1570,"Lincoln","Democrat",9
66,"Baucus","Democrat",1285,"Bingaman","Democrat",8
66,"Baucus","Democrat",250,"Crapo","Republican",10
116,"Boxer","Democrat",1631,"Clinton","Democrat",6
116,"Boxer","Democrat",952,"Reid","Democrat",7
116,"Boxer","Democrat",1332,"Feinstein","Democrat",13
116,"Boxer","Democrat",1630,"Corzine","Democrat",6
116,"Boxer","Democrat",1409,"Murray","Democrat",7
120,"Breaux","Democrat",1624,"Miller","Democrat",9
120,"Breaux","Democrat",1546,"Landrieu","Democrat",12
120,"Breaux","Democrat",1540,"Cleland","Democrat",6
137,"Brownback","Republican",1082,"Smith","Republican",6
137,"Brownback","Republican",583,"Inhofe","Republican",9
137,"Brownback","Republican",1548,"Sessions","Republican",6
137,"Brownback","Republican",1545,"Hagel","Republican",6
137,"Brownback","Republican",578,"Hutchinson","Republican",6
137,"Brownback","Republican",293,"DeWine","Republican",8
137,"Brownback","Republican",1359,"Helms","Republican",10
168,"Campbell","Republican",1351,"Hatch","Republican",10
168,"Campbell","Republican",7,"Akaka","Democrat",7
168,"Campbell","Republican",66,"Baucus","Democrat",6
168,"Campbell","Republican",1369,"Inouye","Democrat",18
168,"Campbell","Republican",604,"Johnson","Democrat",10
168,"Campbell","Republican",1531,"Stabenow","Democrat",6
168,"Campbell","Republican",1319,"Domenici","Republican",9
168,"Campbell","Republican",1624,"Miller","Democrat",6
168,"Campbell","Republican",13,"Allen","Republican",6
168,"Campbell","Republican",1285,"Bingaman","Democrat",9
168,"Campbell","Republican",293,"DeWine","Republican",6
168,"Campbell","Republican",578,"Hutchinson","Republican",6
168,"Campbell","Republican",1408,"Murkowski","Republican",6
168,"Campbell","Republican",213,"Cochran","Republican",10
168,"Campbell","Republican",11,"Allard","Republican",12
168,"Campbell","Republican",308,"Dorgan","Democrat",10
168,"Campbell","Republican",1284,"Biden","Democrat",7
168,"Campbell","Republican",146,"Bunning","Republican",6
168,"Campbell","Republican",1546,"Landrieu","Democrat",7
168,"Campbell","Republican",583,"Inhofe","Republican",8
168,"Campbell","Republican",1380,"Kohl","Democrat",6
168,"Campbell","Republican",246,"Craig","Republican",6
168,"Campbell","Republican",1331,"Feingold","Democrat",7
172,"Cantwell","Democrat",1409,"Murray","Democrat",8
246,"Craig","Republican",578,"Hutchinson","Republican",7
246,"Craig","Republican",1549,"Smith","Republican",7
246,"Craig","Republican",1570,"Lincoln","Democrat",6
246,"Craig","Republican",250,"Crapo","Republican",15
246,"Craig","Republican",1280,"Bennett","Republican",6
246,"Craig","Republican",1545,"Hagel","Republican",6
246,"Craig","Republican",213,"Cochran","Republican",8
246,"Craig","Republican",604,"Johnson","Democrat",8
246,"Craig","Republican",172,"Cantwell","Democrat",7
246,"Craig","Republican",66,"Baucus","Democrat",6
246,"Craig","Republican",1332,"Feinstein","Democrat",6
246,"Craig","Republican",1409,"Murray","Democrat",6
246,"Craig","Republican",583,"Inhofe","Republican",7
246,"Craig","Republican",1298,"Burns","Republican",7
246,"Craig","Republican",267,"Daschle","Democrat",7
246,"Craig","Republican",11,"Allard","Republican",7
250,"Crapo","Republican",246,"Craig","Republican",15
267,"Daschle","Democrat",1284,"Biden","Democrat",12
267,"Daschle","Democrat",1409,"Murray","Democrat",12
267,"Daschle","Democrat",604,"Johnson","Democrat",29
267,"Daschle","Democrat",1570,"Lincoln","Democrat",6
267,"Daschle","Democrat",66,"Baucus","Democrat",10
267,"Daschle","Democrat",1369,"Inouye","Democrat",10
267,"Daschle","Democrat",302,"Dodd","Democrat",15
267,"Daschle","Democrat",1342,"Graham","Democrat",6
267,"Daschle","Democrat",1627,"Nelson","Democrat",7
267,"Daschle","Democrat",120,"Breaux","Democrat",9
267,"Daschle","Democrat",952,"Reid","Democrat",14
267,"Daschle","Democrat",116,"Boxer","Democrat",13
267,"Daschle","Democrat",1331,"Feingold","Democrat",7
267,"Daschle","Democrat",1379,"Kerry","Democrat",18
267,"Daschle","Democrat",1385,"Lieberman","Independent",9
267,"Daschle","Democrat",1424,"Rockefeller","Democrat",17
267,"Daschle","Democrat",1384,"Levin","Democrat",13
267,"Daschle","Democrat",1573,"Edwards","Democrat",8
267,"Daschle","Democrat",1380,"Kohl","Democrat",6
267,"Daschle","Democrat",1247,"Wyden","Democrat",8
267,"Daschle","Democrat",949,"Reed","Democrat",9
267,"Daschle","Democrat",1307,"Conrad","Democrat",12
267,"Daschle","Democrat",802,"Mikulski","Democrat",12
267,"Daschle","Democrat",7,"Akaka","Democrat",18
267,"Daschle","Democrat",1630,"Corzine","Democrat",15
267,"Daschle","Democrat",1332,"Feinstein","Democrat",7
267,"Daschle","Democrat",1680,"Carnahan","Democrat",9
267,"Daschle","Democrat",1361,"Hollings","Democrat",6
267,"Daschle","Democrat",1377,"Kennedy","Democrat",18
267,"Daschle","Democrat",1163,"Torricelli","Democrat",8
267,"Daschle","Democrat",1454,"Wellstone","Democrat",14
267,"Daschle","Democrat",1285,"Bingaman","Democrat",11
267,"Daschle","Democrat",1383,"Leahy","Democrat",15
267,"Daschle","Democrat",1540,"Cleland","Democrat",13
267,"Daschle","Democrat",1631,"Clinton","Democrat",17
267,"Daschle","Democrat",1546,"Landrieu","Democrat",7
267,"Daschle","Democrat",859,"Nelson","Democrat",8
267,"Daschle","Democrat",1531,"Stabenow","Democrat",12
267,"Daschle","Democrat",1017,"Sarbanes","Democrat",16
267,"Daschle","Democrat",326,"Durbin","Democrat",18
267,"Daschle","Democrat",1629,"Dayton","Democrat",14
267,"Daschle","Democrat",707,"Lott","Republican",54
267,"Daschle","Democrat",501,"Harkin","Democrat",13
267,"Daschle","Democrat",308,"Dorgan","Democrat",18
267,"Daschle","Democrat",1036,"Schumer","Democrat",16
293,"DeWine","Republican",1575,"Voinovich","Republican",9
302,"Dodd","Democrat",1573,"Edwards","Democrat",6
302,"Dodd","Democrat",1285,"Bingaman","Democrat",8
302,"Dodd","Democrat",1612,"Chafee","Republican",7
302,"Dodd","Democrat",116,"Boxer","Democrat",8
302,"Dodd","Democrat",1541,"Collins","Republican",10
302,"Dodd","Democrat",1546,"Landrieu","Democrat",6
302,"Dodd","Democrat",1409,"Murray","Democrat",11
302,"Dodd","Democrat",326,"Durbin","Democrat",6
302,"Dodd","Democrat",1085,"Snowe","Republican",6
302,"Dodd","Democrat",1385,"Lieberman","Independent",15
302,"Dodd","Democrat",1454,"Wellstone","Democrat",12
302,"Dodd","Democrat",1017,"Sarbanes","Democrat",6
302,"Dodd","Democrat",1332,"Feinstein","Democrat",6
302,"Dodd","Democrat",1377,"Kennedy","Democrat",13
302,"Dodd","Democrat",293,"DeWine","Republican",12
302,"Dodd","Democrat",1036,"Schumer","Democrat",7
302,"Dodd","Democrat",593,"Jeffords","Independent",8
302,"Dodd","Democrat",1540,"Cleland","Democrat",7
302,"Dodd","Democrat",604,"Johnson","Democrat",9
302,"Dodd","Democrat",1630,"Corzine","Democrat",10
302,"Dodd","Democrat",949,"Reed","Democrat",10
302,"Dodd","Democrat",1631,"Clinton","Democrat",12
302,"Dodd","Democrat",802,"Mikulski","Democrat",7
302,"Dodd","Democrat",1383,"Leahy","Democrat",6
302,"Dodd","Democrat",1379,"Kerry","Democrat",9
308,"Dorgan","Democrat",1409,"Murray","Democrat",6
308,"Dorgan","Democrat",267,"Daschle","Democrat",8
308,"Dorgan","Democrat",326,"Durbin","Democrat",10
308,"Dorgan","Democrat",604,"Johnson","Democrat",14
308,"Dorgan","Democrat",1570,"Lincoln","Democrat",7
308,"Dorgan","Democrat",1307,"Conrad","Democrat",11
326,"Durbin","Democrat",1379,"Kerry","Democrat",13
326,"Durbin","Democrat",1541,"Collins","Republican",8
326,"Durbin","Democrat",1284,"Biden","Democrat",7
326,"Durbin","Democrat",1342,"Graham","Democrat",6
326,"Durbin","Democrat",1630,"Corzine","Democrat",8
326,"Durbin","Democrat",1454,"Wellstone","Democrat",8
326,"Durbin","Democrat",1285,"Bingaman","Democrat",9
326,"Durbin","Democrat",302,"Dodd","Democrat",7
326,"Durbin","Democrat",1571,"Fitzgerald","Republican",7
326,"Durbin","Democrat",1384,"Levin","Democrat",8
326,"Durbin","Democrat",308,"Dorgan","Democrat",8
326,"Durbin","Democrat",1163,"Torricelli","Democrat",11
326,"Durbin","Democrat",1331,"Feingold","Democrat",10
326,"Durbin","Democrat",1546,"Landrieu","Democrat",8
326,"Durbin","Democrat",1540,"Cleland","Democrat",7
326,"Durbin","Democrat",1369,"Inouye","Democrat",8
326,"Durbin","Democrat",952,"Reid","Democrat",8
326,"Durbin","Democrat",1332,"Feinstein","Democrat",6
326,"Durbin","Democrat",604,"Johnson","Democrat",10
326,"Durbin","Democrat",1424,"Rockefeller","Democrat",6
326,"Durbin","Democrat",802,"Mikulski","Democrat",11
326,"Durbin","Democrat",949,"Reed","Democrat",7
326,"Durbin","Democrat",1036,"Schumer","Democrat",8
326,"Durbin","Democrat",1377,"Kennedy","Democrat",12
326,"Durbin","Democrat",137,"Brownback","Republican",6
326,"Durbin","Democrat",1383,"Leahy","Democrat",6
326,"Durbin","Democrat",1631,"Clinton","Democrat",9
326,"Durbin","Democrat",1437,"Specter","Democrat",6
453,"Gramm","Republican",1368,"Hutchison","Republican",7
453,"Gramm","Republican",146,"Bunning","Republican",6
457,"Grassley","Republican",120,"Breaux","Democrat",11
457,"Grassley","Republican",246,"Craig","Republican",7
457,"Grassley","Republican",1359,"Helms","Republican",7
457,"Grassley","Republican",968,"Roberts","Republican",6
457,"Grassley","Republican",578,"Hutchinson","Republican",12
457,"Grassley","Republican",1549,"Smith","Republican",8
457,"Grassley","Republican",250,"Crapo","Republican",6
457,"Grassley","Republican",66,"Baucus","Democrat",12
457,"Grassley","Republican",1546,"Landrieu","Democrat",9
457,"Grassley","Republican",1163,"Torricelli","Democrat",9
457,"Grassley","Republican",1548,"Sessions","Republican",6
457,"Grassley","Republican",326,"Durbin","Democrat",6
457,"Grassley","Republican",1540,"Cleland","Democrat",7
457,"Grassley","Republican",1351,"Hatch","Republican",11
457,"Grassley","Republican",213,"Cochran","Republican",9
457,"Grassley","Republican",593,"Jeffords","Independent",9
457,"Grassley","Republican",1570,"Lincoln","Democrat",7
457,"Grassley","Republican",501,"Harkin","Democrat",8
457,"Grassley","Republican",179,"Carper","Democrat",6
457,"Grassley","Republican",11,"Allard","Republican",7
457,"Grassley","Republican",1383,"Leahy","Democrat",6
457,"Grassley","Republican",293,"DeWine","Republican",6
457,"Grassley","Republican",1085,"Snowe","Republican",7
457,"Grassley","Republican",1545,"Hagel","Republican",10
457,"Grassley","Republican",1627,"Nelson","Democrat",6
457,"Grassley","Republican",1379,"Kerry","Democrat",9
457,"Grassley","Republican",1298,"Burns","Republican",6
457,"Grassley","Republican",1307,"Conrad","Democrat",8
457,"Grassley","Republican",1624,"Miller","Democrat",7
457,"Grassley","Republican",1408,"Murkowski","Republican",9
457,"Grassley","Republican",1541,"Collins","Republican",9
457,"Grassley","Republican",604,"Johnson","Democrat",13
501,"Harkin","Democrat",1629,"Dayton","Democrat",11
501,"Harkin","Democrat",1631,"Clinton","Democrat",16
501,"Harkin","Democrat",1331,"Feingold","Democrat",7
501,"Harkin","Democrat",1437,"Specter","Democrat",6
501,"Harkin","Democrat",1380,"Kohl","Democrat",6
501,"Harkin","Democrat",1163,"Torricelli","Democrat",10
501,"Harkin","Democrat",1369,"Inouye","Democrat",7
501,"Harkin","Democrat",604,"Johnson","Democrat",16
501,"Harkin","Democrat",302,"Dodd","Democrat",7
501,"Harkin","Democrat",1409,"Murray","Democrat",9
501,"Harkin","Democrat",116,"Boxer","Democrat",7
501,"Harkin","Democrat",1630,"Corzine","Democrat",8
501,"Harkin","Democrat",802,"Mikulski","Democrat",9
501,"Harkin","Democrat",1387,"Lugar","Republican",6
501,"Harkin","Democrat",326,"Durbin","Democrat",12
501,"Harkin","Democrat",1017,"Sarbanes","Democrat",6
501,"Harkin","Democrat",1570,"Lincoln","Democrat",9
501,"Harkin","Democrat",1384,"Levin","Democrat",7
501,"Harkin","Democrat",1036,"Schumer","Democrat",9
501,"Harkin","Democrat",1383,"Leahy","Democrat",9
501,"Harkin","Democrat",1285,"Bingaman","Democrat",10
501,"Harkin","Democrat",1377,"Kennedy","Democrat",17
501,"Harkin","Democrat",1531,"Stabenow","Democrat",9
501,"Harkin","Democrat",1379,"Kerry","Democrat",10
501,"Harkin","Democrat",1454,"Wellstone","Democrat",14
501,"Harkin","Democrat",66,"Baucus","Democrat",10
501,"Harkin","Democrat",1307,"Conrad","Democrat",6
501,"Harkin","Democrat",952,"Reid","Democrat",7
578,"Hutchinson","Republican",583,"Inhofe","Republican",9
578,"Hutchinson","Republican",1570,"Lincoln","Democrat",6
578,"Hutchinson","Republican",604,"Johnson","Democrat",8
578,"Hutchinson","Republican",968,"Roberts","Republican",6
578,"Hutchinson","Republican",1541,"Collins","Republican",9
578,"Hutchinson","Republican",1336,"Frist","Republican",7
578,"Hutchinson","Republican",466,"Gregg","Republican",6
578,"Hutchinson","Republican",293,"DeWine","Republican",7
578,"Hutchinson","Republican",326,"Durbin","Democrat",6
578,"Hutchinson","Republican",1624,"Miller","Democrat",8
578,"Hutchinson","Republican",707,"Lott","Republican",7
578,"Hutchinson","Republican",213,"Cochran","Republican",7
578,"Hutchinson","Republican",1542,"Enzi","Republican",6
578,"Hutchinson","Republican",1082,"Smith","Republican",11
578,"Hutchinson","Republican",1452,"Warner","Republican",7
578,"Hutchinson","Republican",1548,"Sessions","Republican",11
578,"Hutchinson","Republican",246,"Craig","Republican",10
578,"Hutchinson","Republican",1545,"Hagel","Republican",8
578,"Hutchinson","Republican",1286,"Bond","Republican",11
578,"Hutchinson","Republican",168,"Campbell","Republican",6
578,"Hutchinson","Republican",1359,"Helms","Republican",7
593,"Jeffords","Independent",1383,"Leahy","Democrat",9
593,"Jeffords","Independent",1285,"Bingaman","Democrat",6
593,"Jeffords","Independent",120,"Breaux","Democrat",9
593,"Jeffords","Independent",1377,"Kennedy","Democrat",6
593,"Jeffords","Independent",1570,"Lincoln","Democrat",7
593,"Jeffords","Independent",302,"Dodd","Democrat",7
593,"Jeffords","Independent",1612,"Chafee","Republican",8
593,"Jeffords","Independent",1631,"Clinton","Democrat",10
593,"Jeffords","Independent",1379,"Kerry","Democrat",8
593,"Jeffords","Independent",1036,"Schumer","Democrat",9
593,"Jeffords","Independent",1085,"Snowe","Republican",9
593,"Jeffords","Independent",1082,"Smith","Republican",7
593,"Jeffords","Independent",1332,"Feinstein","Democrat",6
604,"Johnson","Democrat",267,"Daschle","Democrat",19
604,"Johnson","Democrat",1307,"Conrad","Democrat",7
604,"Johnson","Democrat",66,"Baucus","Democrat",9
604,"Johnson","Democrat",1369,"Inouye","Democrat",6
604,"Johnson","Democrat",1629,"Dayton","Democrat",6
604,"Johnson","Democrat",501,"Harkin","Democrat",6
604,"Johnson","Democrat",1546,"Landrieu","Democrat",6
604,"Johnson","Democrat",1627,"Nelson","Democrat",6
604,"Johnson","Democrat",1531,"Stabenow","Democrat",6
604,"Johnson","Democrat",308,"Dorgan","Democrat",12
604,"Johnson","Democrat",1285,"Bingaman","Democrat",10
604,"Johnson","Democrat",952,"Reid","Democrat",6
604,"Johnson","Democrat",1454,"Wellstone","Democrat",6
707,"Lott","Republican",267,"Daschle","Democrat",15
754,"McCain","Republican",593,"Jeffords","Independent",7
754,"McCain","Republican",1361,"Hollings","Democrat",9
754,"McCain","Republican",802,"Mikulski","Democrat",6
754,"McCain","Republican",172,"Cantwell","Democrat",7
754,"McCain","Republican",1036,"Schumer","Democrat",7
754,"McCain","Republican",1369,"Inouye","Democrat",8
754,"McCain","Republican",137,"Brownback","Republican",7
754,"McCain","Republican",1377,"Kennedy","Democrat",6
754,"McCain","Republican",1540,"Cleland","Democrat",10
754,"McCain","Republican",1624,"Miller","Democrat",6
754,"McCain","Republican",1379,"Kerry","Democrat",9
754,"McCain","Republican",120,"Breaux","Democrat",6
754,"McCain","Republican",1384,"Levin","Democrat",6
754,"McCain","Republican",1385,"Lieberman","Independent",10
754,"McCain","Republican",1285,"Bingaman","Democrat",6
754,"McCain","Republican",1017,"Sarbanes","Democrat",6
754,"McCain","Republican",1085,"Snowe","Republican",6
754,"McCain","Republican",1573,"Edwards","Democrat",10
754,"McCain","Republican",267,"Daschle","Democrat",8
754,"McCain","Republican",604,"Johnson","Democrat",7
754,"McCain","Republican",952,"Reid","Democrat",8
754,"McCain","Republican",1409,"Murray","Democrat",7
754,"McCain","Republican",1368,"Hutchison","Republican",6
802,"Mikulski","Democrat",1017,"Sarbanes","Democrat",7
802,"Mikulski","Democrat",604,"Johnson","Democrat",6
802,"Mikulski","Democrat",1631,"Clinton","Democrat",6
859,"Nelson","Democrat",1342,"Graham","Democrat",6
949,"Reed","Democrat",1630,"Corzine","Democrat",7
949,"Reed","Democrat",302,"Dodd","Democrat",6
949,"Reed","Democrat",1631,"Clinton","Democrat",10
949,"Reed","Democrat",1612,"Chafee","Republican",21
949,"Reed","Democrat",1036,"Schumer","Democrat",6
949,"Reed","Democrat",1541,"Collins","Republican",6
949,"Reed","Democrat",1546,"Landrieu","Democrat",9
949,"Reed","Democrat",1454,"Wellstone","Democrat",9
949,"Reed","Democrat",802,"Mikulski","Democrat",8
949,"Reed","Democrat",1377,"Kennedy","Democrat",8
952,"Reid","Democrat",1377,"Kennedy","Democrat",7
952,"Reid","Democrat",1570,"Lincoln","Democrat",6
952,"Reid","Democrat",302,"Dodd","Democrat",6
952,"Reid","Democrat",1409,"Murray","Democrat",6
952,"Reid","Democrat",348,"Ensign","Republican",19
952,"Reid","Democrat",1285,"Bingaman","Democrat",7
952,"Reid","Democrat",1531,"Stabenow","Democrat",6
952,"Reid","Democrat",1624,"Miller","Democrat",6
952,"Reid","Democrat",1546,"Landrieu","Democrat",6
952,"Reid","Democrat",604,"Johnson","Democrat",8
952,"Reid","Democrat",116,"Boxer","Democrat",6
952,"Reid","Democrat",1036,"Schumer","Democrat",7
952,"Reid","Democrat",7,"Akaka","Democrat",6
952,"Reid","Democrat",593,"Jeffords","Independent",8
952,"Reid","Democrat",308,"Dorgan","Democrat",7
952,"Reid","Democrat",1385,"Lieberman","Independent",8
952,"Reid","Democrat",267,"Daschle","Democrat",7
952,"Reid","Democrat",1163,"Torricelli","Democrat",8
952,"Reid","Democrat",172,"Cantwell","Democrat",6
952,"Reid","Democrat",1549,"Smith","Republican",6
1015,"Santorum","Republican",1624,"Miller","Democrat",6
1017,"Sarbanes","Democrat",302,"Dodd","Democrat",7
1017,"Sarbanes","Democrat",949,"Reed","Democrat",6
1017,"Sarbanes","Democrat",1036,"Schumer","Democrat",6
1017,"Sarbanes","Democrat",802,"Mikulski","Democrat",16
1017,"Sarbanes","Democrat",1452,"Warner","Republican",8
1017,"Sarbanes","Democrat",1630,"Corzine","Democrat",7
1036,"Schumer","Democrat",1380,"Kohl","Democrat",6
1036,"Schumer","Democrat",1377,"Kennedy","Democrat",6
1036,"Schumer","Democrat",326,"Durbin","Democrat",10
1036,"Schumer","Democrat",1631,"Clinton","Democrat",36
1036,"Schumer","Democrat",1630,"Corzine","Democrat",9
1036,"Schumer","Democrat",1384,"Levin","Democrat",6
1082,"Smith","Republican",583,"Inhofe","Republican",7
1085,"Snowe","Republican",1612,"Chafee","Republican",6
1085,"Snowe","Republican",1409,"Murray","Democrat",7
1085,"Snowe","Republican",1546,"Landrieu","Democrat",14
1085,"Snowe","Republican",120,"Breaux","Democrat",7
1085,"Snowe","Republican",604,"Johnson","Democrat",9
1085,"Snowe","Republican",302,"Dodd","Democrat",7
1085,"Snowe","Republican",1570,"Lincoln","Democrat",8
1085,"Snowe","Republican",1379,"Kerry","Democrat",11
1085,"Snowe","Republican",1361,"Hollings","Democrat",6
1085,"Snowe","Republican",1285,"Bingaman","Democrat",9
1085,"Snowe","Republican",172,"Cantwell","Democrat",7
1085,"Snowe","Republican",802,"Mikulski","Democrat",9
1085,"Snowe","Republican",1624,"Miller","Democrat",8
1085,"Snowe","Republican",1332,"Feinstein","Democrat",10
1085,"Snowe","Republican",501,"Harkin","Democrat",6
1085,"Snowe","Republican",593,"Jeffords","Independent",14
1085,"Snowe","Republican",1630,"Corzine","Democrat",10
1085,"Snowe","Republican",1163,"Torricelli","Democrat",15
1085,"Snowe","Republican",1541,"Collins","Republican",25
1149,"Thomas","Republican",1542,"Enzi","Republican",8
1163,"Torricelli","Democrat",1454,"Wellstone","Democrat",7
1163,"Torricelli","Democrat",1540,"Cleland","Democrat",7
1163,"Torricelli","Democrat",604,"Johnson","Democrat",6
1163,"Torricelli","Democrat",1379,"Kerry","Democrat",6
1163,"Torricelli","Democrat",1630,"Corzine","Democrat",24
1247,"Wyden","Democrat",1549,"Smith","Republican",12
1284,"Biden","Democrat",1163,"Torricelli","Democrat",8
1284,"Biden","Democrat",302,"Dodd","Democrat",10
1284,"Biden","Democrat",1285,"Bingaman","Democrat",7
1284,"Biden","Democrat",326,"Durbin","Democrat",12
1284,"Biden","Democrat",120,"Breaux","Democrat",7
1284,"Biden","Democrat",1680,"Carnahan","Democrat",9
1284,"Biden","Democrat",802,"Mikulski","Democrat",10
1284,"Biden","Democrat",1570,"Lincoln","Democrat",7
1284,"Biden","Democrat",1036,"Schumer","Democrat",10
1284,"Biden","Democrat",1454,"Wellstone","Democrat",7
1284,"Biden","Democrat",1385,"Lieberman","Independent",9
1284,"Biden","Democrat",1319,"Domenici","Republican",8
1284,"Biden","Democrat",1331,"Feingold","Democrat",7
1284,"Biden","Democrat",1085,"Snowe","Republican",6
1284,"Biden","Democrat",1540,"Cleland","Democrat",7
1284,"Biden","Democrat",1361,"Hollings","Democrat",6
1284,"Biden","Democrat",1379,"Kerry","Democrat",13
1284,"Biden","Democrat",952,"Reid","Democrat",6
1284,"Biden","Democrat",213,"Cochran","Republican",6
1284,"Biden","Democrat",1342,"Graham","Democrat",7
1284,"Biden","Democrat",1369,"Inouye","Democrat",6
1284,"Biden","Democrat",1351,"Hatch","Republican",11
1284,"Biden","Democrat",116,"Boxer","Democrat",10
1284,"Biden","Democrat",267,"Daschle","Democrat",7
1284,"Biden","Democrat",179,"Carper","Democrat",13
1284,"Biden","Democrat",1437,"Specter","Democrat",12
1284,"Biden","Democrat",1424,"Rockefeller","Democrat",6
1284,"Biden","Democrat",457,"Grassley","Republican",6
1284,"Biden","Democrat",1017,"Sarbanes","Democrat",12
1284,"Biden","Democrat",7,"Akaka","Democrat",8
1284,"Biden","Democrat",1541,"Collins","Republican",8
1284,"Biden","Democrat",604,"Johnson","Democrat",9
1284,"Biden","Democrat",308,"Dorgan","Democrat",9
1284,"Biden","Democrat",1624,"Miller","Democrat",7
1284,"Biden","Democrat",1384,"Levin","Democrat",12
1284,"Biden","Democrat",1630,"Corzine","Democrat",6
1284,"Biden","Democrat",583,"Inhofe","Republican",6
1284,"Biden","Democrat",1359,"Helms","Republican",8
1284,"Biden","Democrat",593,"Jeffords","Independent",8
1284,"Biden","Democrat",1377,"Kennedy","Democrat",9
1284,"Biden","Democrat",1332,"Feinstein","Democrat",10
1284,"Biden","Democrat",172,"Cantwell","Democrat",7
1284,"Biden","Democrat",1448,"Thurmond","Republican",7
1284,"Biden","Democrat",1546,"Landrieu","Democrat",11
1284,"Biden","Democrat",1572,"Bayh","Democrat",7
1284,"Biden","Democrat",1531,"Stabenow","Democrat",6
1284,"Biden","Democrat",1631,"Clinton","Democrat",10
1284,"Biden","Democrat",1368,"Hutchison","Republican",6
1284,"Biden","Democrat",1549,"Smith","Republican",6
1284,"Biden","Democrat",1383,"Leahy","Democrat",10
1284,"Biden","Democrat",1573,"Edwards","Democrat",7
1284,"Biden","Democrat",1387,"Lugar","Republican",6
1284,"Biden","Democrat",13,"Allen","Republican",7
1284,"Biden","Democrat",293,"DeWine","Republican",9
1284,"Biden","Democrat",1409,"Murray","Democrat",13
1284,"Biden","Democrat",1380,"Kohl","Democrat",8
1285,"Bingaman","Democrat",246,"Craig","Republican",7
1285,"Bingaman","Democrat",267,"Daschle","Democrat",14
1285,"Bingaman","Democrat",66,"Baucus","Democrat",9
1285,"Bingaman","Democrat",802,"Mikulski","Democrat",6
1285,"Bingaman","Democrat",1383,"Leahy","Democrat",8
1285,"Bingaman","Democrat",593,"Jeffords","Independent",6
1285,"Bingaman","Democrat",952,"Reid","Democrat",10
1285,"Bingaman","Democrat",1384,"Levin","Democrat",6
1285,"Bingaman","Democrat",1546,"Landrieu","Democrat",12
1285,"Bingaman","Democrat",1369,"Inouye","Democrat",6
1285,"Bingaman","Democrat",1549,"Smith","Republican",6
1285,"Bingaman","Democrat",1377,"Kennedy","Democrat",11
1285,"Bingaman","Democrat",1379,"Kerry","Democrat",10
1285,"Bingaman","Democrat",1572,"Bayh","Democrat",6
1285,"Bingaman","Democrat",1541,"Collins","Republican",9
1285,"Bingaman","Democrat",501,"Harkin","Democrat",7
1285,"Bingaman","Democrat",1085,"Snowe","Republican",9
1285,"Bingaman","Democrat",604,"Johnson","Democrat",16
1285,"Bingaman","Democrat",1409,"Murray","Democrat",18
1285,"Bingaman","Democrat",1424,"Rockefeller","Democrat",11
1285,"Bingaman","Democrat",1017,"Sarbanes","Democrat",6
1285,"Bingaman","Democrat",1531,"Stabenow","Democrat",12
1285,"Bingaman","Democrat",1570,"Lincoln","Democrat",17
1285,"Bingaman","Democrat",1680,"Carnahan","Democrat",8
1285,"Bingaman","Democrat",172,"Cantwell","Democrat",16
1285,"Bingaman","Democrat",1630,"Corzine","Democrat",12
1285,"Bingaman","Democrat",583,"Inhofe","Republican",7
1285,"Bingaman","Democrat",302,"Dodd","Democrat",7
1285,"Bingaman","Democrat",1163,"Torricelli","Democrat",12
1285,"Bingaman","Democrat",1408,"Murkowski","Republican",6
1285,"Bingaman","Democrat",1629,"Dayton","Democrat",7
1285,"Bingaman","Democrat",326,"Durbin","Democrat",7
1285,"Bingaman","Democrat",1631,"Clinton","Democrat",10
1285,"Bingaman","Democrat",1454,"Wellstone","Democrat",9
1285,"Bingaman","Democrat",1385,"Lieberman","Independent",6
1285,"Bingaman","Democrat",120,"Breaux","Democrat",7
1285,"Bingaman","Democrat",1036,"Schumer","Democrat",8
1285,"Bingaman","Democrat",1319,"Domenici","Republican",20
1285,"Bingaman","Democrat",949,"Reed","Democrat",6
1285,"Bingaman","Democrat",213,"Cochran","Republican",7
1285,"Bingaman","Democrat",116,"Boxer","Democrat",8
1285,"Bingaman","Democrat",308,"Dorgan","Democrat",10
1286,"Bond","Republican",1379,"Kerry","Democrat",9
1286,"Bond","Republican",578,"Hutchinson","Republican",8
1286,"Bond","Republican",1546,"Landrieu","Democrat",7
1307,"Conrad","Democrat",308,"Dorgan","Democrat",6
1307,"Conrad","Democrat",604,"Johnson","Democrat",8
1319,"Domenici","Republican",655,"Kyl","Republican",6
1319,"Domenici","Republican",1545,"Hagel","Republican",6
1319,"Domenici","Republican",1285,"Bingaman","Democrat",14
1331,"Feingold","Democrat",1383,"Leahy","Democrat",8
1331,"Feingold","Democrat",1247,"Wyden","Democrat",6
1331,"Feingold","Democrat",1380,"Kohl","Democrat",15
1331,"Feingold","Democrat",593,"Jeffords","Independent",8
1331,"Feingold","Democrat",1541,"Collins","Republican",9
1332,"Feinstein","Democrat",326,"Durbin","Democrat",17
1332,"Feinstein","Democrat",1385,"Lieberman","Independent",9
1332,"Feinstein","Democrat",1285,"Bingaman","Democrat",12
1332,"Feinstein","Democrat",1680,"Carnahan","Democrat",7
1332,"Feinstein","Democrat",1377,"Kennedy","Democrat",15
1332,"Feinstein","Democrat",1342,"Graham","Democrat",6
1332,"Feinstein","Democrat",302,"Dodd","Democrat",9
1332,"Feinstein","Democrat",1163,"Torricelli","Democrat",9
1332,"Feinstein","Democrat",604,"Johnson","Democrat",6
1332,"Feinstein","Democrat",1085,"Snowe","Republican",11
1332,"Feinstein","Democrat",1017,"Sarbanes","Democrat",8
1332,"Feinstein","Democrat",1629,"Dayton","Democrat",6
1332,"Feinstein","Democrat",7,"Akaka","Democrat",9
1332,"Feinstein","Democrat",949,"Reed","Democrat",7
1332,"Feinstein","Democrat",293,"DeWine","Republican",7
1332,"Feinstein","Democrat",267,"Daschle","Democrat",6
1332,"Feinstein","Democrat",1549,"Smith","Republican",8
1332,"Feinstein","Democrat",655,"Kyl","Republican",11
1332,"Feinstein","Democrat",1369,"Inouye","Democrat",7
1332,"Feinstein","Democrat",137,"Brownback","Republican",8
1332,"Feinstein","Democrat",172,"Cantwell","Democrat",12
1332,"Feinstein","Democrat",1452,"Warner","Republican",6
1332,"Feinstein","Democrat",1351,"Hatch","Republican",8
1332,"Feinstein","Democrat",1384,"Levin","Democrat",7
1332,"Feinstein","Democrat",1540,"Cleland","Democrat",10
1332,"Feinstein","Democrat",1546,"Landrieu","Democrat",13
1332,"Feinstein","Democrat",1630,"Corzine","Democrat",21
1332,"Feinstein","Democrat",1247,"Wyden","Democrat",13
1332,"Feinstein","Democrat",1368,"Hutchison","Republican",8
1332,"Feinstein","Democrat",1548,"Sessions","Republican",8
1332,"Feinstein","Democrat",1541,"Collins","Republican",8
1332,"Feinstein","Democrat",1036,"Schumer","Democrat",12
1332,"Feinstein","Democrat",1409,"Murray","Democrat",13
1332,"Feinstein","Democrat",802,"Mikulski","Democrat",10
1332,"Feinstein","Democrat",1383,"Leahy","Democrat",16
1332,"Feinstein","Democrat",1359,"Helms","Republican",9
1332,"Feinstein","Democrat",213,"Cochran","Republican",6
1332,"Feinstein","Democrat",1624,"Miller","Democrat",6
1332,"Feinstein","Democrat",116,"Boxer","Democrat",36
1332,"Feinstein","Democrat",1631,"Clinton","Democrat",11
1332,"Feinstein","Democrat",952,"Reid","Democrat",11
1332,"Feinstein","Democrat",1612,"Chafee","Republican",9
1332,"Feinstein","Democrat",593,"Jeffords","Independent",12
1332,"Feinstein","Democrat",1454,"Wellstone","Democrat",7
1332,"Feinstein","Democrat",1379,"Kerry","Democrat",8
1332,"Feinstein","Democrat",1331,"Feingold","Democrat",11
1336,"Frist","Republican",1359,"Helms","Republican",6
1336,"Frist","Republican",1447,"Thompson","Republican",6
1336,"Frist","Republican",1409,"Murray","Democrat",7
1336,"Frist","Republican",1377,"Kennedy","Democrat",8
1336,"Frist","Republican",1541,"Collins","Republican",6
1336,"Frist","Republican",1452,"Warner","Republican",7
1336,"Frist","Republican",293,"DeWine","Republican",8
1336,"Frist","Republican",593,"Jeffords","Independent",7
1336,"Frist","Republican",1631,"Clinton","Democrat",8
1336,"Frist","Republican",302,"Dodd","Democrat",7
1336,"Frist","Republican",578,"Hutchinson","Republican",8
1336,"Frist","Republican",1383,"Leahy","Democrat",6
1342,"Graham","Democrat",1546,"Landrieu","Democrat",7
1342,"Graham","Democrat",1624,"Miller","Democrat",6
1342,"Graham","Democrat",1424,"Rockefeller","Democrat",9
1342,"Graham","Democrat",1377,"Kennedy","Democrat",7
1342,"Graham","Democrat",1163,"Torricelli","Democrat",8
1342,"Graham","Democrat",1612,"Chafee","Republican",7
1342,"Graham","Democrat",302,"Dodd","Democrat",6
1342,"Graham","Democrat",1385,"Lieberman","Independent",8
1342,"Graham","Democrat",859,"Nelson","Democrat",15
1342,"Graham","Democrat",1332,"Feinstein","Democrat",7
1342,"Graham","Democrat",1570,"Lincoln","Democrat",8
1342,"Graham","Democrat",1285,"Bingaman","Democrat",7
1351,"Hatch","Republican",1540,"Cleland","Democrat",9
1351,"Hatch","Republican",1163,"Torricelli","Democrat",11
1351,"Hatch","Republican",1285,"Bingaman","Democrat",9
1351,"Hatch","Republican",1331,"Feingold","Democrat",6
1351,"Hatch","Republican",1454,"Wellstone","Democrat",6
1351,"Hatch","Republican",1307,"Conrad","Democrat",7
1351,"Hatch","Republican",1369,"Inouye","Democrat",9
1351,"Hatch","Republican",1085,"Snowe","Republican",11
1351,"Hatch","Republican",1017,"Sarbanes","Democrat",6
1351,"Hatch","Republican",1549,"Smith","Republican",12
1351,"Hatch","Republican",7,"Akaka","Democrat",8
1351,"Hatch","Republican",13,"Allen","Republican",8
1351,"Hatch","Republican",802,"Mikulski","Democrat",8
1351,"Hatch","Republican",1545,"Hagel","Republican",7
1351,"Hatch","Republican",348,"Ensign","Republican",7
1351,"Hatch","Republican",137,"Brownback","Republican",10
1351,"Hatch","Republican",1440,"Stevens","Republican",6
1351,"Hatch","Republican",1629,"Dayton","Democrat",10
1351,"Hatch","Republican",267,"Daschle","Democrat",9
1351,"Hatch","Republican",293,"DeWine","Republican",15
1351,"Hatch","Republican",1384,"Levin","Democrat",6
1351,"Hatch","Republican",1377,"Kennedy","Democrat",11
1351,"Hatch","Republican",326,"Durbin","Democrat",9
1351,"Hatch","Republican",1361,"Hollings","Democrat",6
1351,"Hatch","Republican",1284,"Biden","Democrat",8
1351,"Hatch","Republican",11,"Allard","Republican",9
1351,"Hatch","Republican",1570,"Lincoln","Democrat",12
1351,"Hatch","Republican",1082,"Smith","Republican",6
1351,"Hatch","Republican",250,"Crapo","Republican",9
1351,"Hatch","Republican",1572,"Bayh","Democrat",8
1351,"Hatch","Republican",859,"Nelson","Democrat",6
1351,"Hatch","Republican",1680,"Carnahan","Democrat",6
1351,"Hatch","Republican",120,"Breaux","Democrat",11
1351,"Hatch","Republican",1624,"Miller","Democrat",8
1351,"Hatch","Republican",457,"Grassley","Republican",13
1351,"Hatch","Republican",1409,"Murray","Democrat",8
1351,"Hatch","Republican",1149,"Thomas","Republican",7
1351,"Hatch","Republican",1015,"Santorum","Republican",6
1351,"Hatch","Republican",1546,"Landrieu","Democrat",11
1351,"Hatch","Republican",1630,"Corzine","Democrat",8
1351,"Hatch","Republican",604,"Johnson","Democrat",11
1351,"Hatch","Republican",1298,"Burns","Republican",7
1351,"Hatch","Republican",1541,"Collins","Republican",9
1351,"Hatch","Republican",66,"Baucus","Democrat",10
1351,"Hatch","Republican",578,"Hutchinson","Republican",14
1351,"Hatch","Republican",1336,"Frist","Republican",8
1351,"Hatch","Republican",1573,"Edwards","Democrat",8
1351,"Hatch","Republican",968,"Roberts","Republican",7
1351,"Hatch","Republican",1332,"Feinstein","Democrat",12
1351,"Hatch","Republican",1531,"Stabenow","Democrat",12
1351,"Hatch","Republican",1542,"Enzi","Republican",7
1351,"Hatch","Republican",1452,"Warner","Republican",6
1351,"Hatch","Republican",1379,"Kerry","Democrat",11
1351,"Hatch","Republican",1448,"Thurmond","Republican",10
1351,"Hatch","Republican",583,"Inhofe","Republican",7
1351,"Hatch","Republican",1383,"Leahy","Democrat",14
1351,"Hatch","Republican",1319,"Domenici","Republican",9
1351,"Hatch","Republican",1627,"Nelson","Democrat",7
1351,"Hatch","Republican",1342,"Graham","Democrat",8
1351,"Hatch","Republican",1280,"Bennett","Republican",9
1351,"Hatch","Republican",168,"Campbell","Republican",8
1351,"Hatch","Republican",952,"Reid","Democrat",10
1351,"Hatch","Republican",1247,"Wyden","Democrat",9
1351,"Hatch","Republican",308,"Dorgan","Democrat",9
1351,"Hatch","Republican",1359,"Helms","Republican",12
1351,"Hatch","Republican",1408,"Murkowski","Republican",10
1351,"Hatch","Republican",146,"Bunning","Republican",8
1351,"Hatch","Republican",593,"Jeffords","Independent",10
1351,"Hatch","Republican",1631,"Clinton","Democrat",11
1351,"Hatch","Republican",302,"Dodd","Democrat",8
1351,"Hatch","Republican",1612,"Chafee","Republican",7
1351,"Hatch","Republican",1548,"Sessions","Republican",6
1351,"Hatch","Republican",116,"Boxer","Democrat",6
1351,"Hatch","Republican",501,"Harkin","Democrat",6
1351,"Hatch","Republican",1575,"Voinovich","Republican",7
1351,"Hatch","Republican",1571,"Fitzgerald","Republican",6
1351,"Hatch","Republican",1385,"Lieberman","Independent",10
1351,"Hatch","Republican",1036,"Schumer","Democrat",12
1351,"Hatch","Republican",1368,"Hutchison","Republican",8
1351,"Hatch","Republican",1286,"Bond","Republican",7
1351,"Hatch","Republican",246,"Craig","Republican",10
1351,"Hatch","Republican",213,"Cochran","Republican",6
1351,"Hatch","Republican",1437,"Specter","Democrat",7
1351,"Hatch","Republican",1424,"Rockefeller","Democrat",8
1351,"Hatch","Republican",172,"Cantwell","Democrat",8
1361,"Hollings","Democrat",1379,"Kerry","Democrat",8
1361,"Hollings","Democrat",1540,"Cleland","Democrat",11
1361,"Hollings","Democrat",1369,"Inouye","Democrat",9
1361,"Hollings","Democrat",754,"McCain","Republican",9
1361,"Hollings","Democrat",1424,"Rockefeller","Democrat",7
1361,"Hollings","Democrat",1440,"Stevens","Republican",8
1361,"Hollings","Democrat",1368,"Hutchison","Republican",6
1361,"Hollings","Democrat",1448,"Thurmond","Republican",10
1361,"Hollings","Democrat",952,"Reid","Democrat",6
1361,"Hollings","Democrat",120,"Breaux","Democrat",10
1361,"Hollings","Democrat",308,"Dorgan","Democrat",7
1368,"Hutchison","Republican",453,"Gramm","Republican",6
1368,"Hutchison","Republican",1570,"Lincoln","Democrat",6
1368,"Hutchison","Republican",213,"Cochran","Republican",6
1368,"Hutchison","Republican",1409,"Murray","Democrat",6
1368,"Hutchison","Republican",326,"Durbin","Democrat",6
1368,"Hutchison","Republican",578,"Hutchinson","Republican",9
1368,"Hutchison","Republican",11,"Allard","Republican",6
1368,"Hutchison","Republican",1332,"Feinstein","Democrat",10
1368,"Hutchison","Republican",1319,"Domenici","Republican",6
1368,"Hutchison","Republican",1546,"Landrieu","Democrat",8
1368,"Hutchison","Republican",1531,"Stabenow","Democrat",8
1368,"Hutchison","Republican",1082,"Smith","Republican",6
1368,"Hutchison","Republican",1085,"Snowe","Republican",9
1368,"Hutchison","Republican",707,"Lott","Republican",6
1368,"Hutchison","Republican",1541,"Collins","Republican",9
1368,"Hutchison","Republican",116,"Boxer","Democrat",6
1368,"Hutchison","Republican",1285,"Bingaman","Democrat",6
1368,"Hutchison","Republican",1631,"Clinton","Democrat",8
1368,"Hutchison","Republican",802,"Mikulski","Democrat",7
1377,"Kennedy","Democrat",116,"Boxer","Democrat",11
1377,"Kennedy","Democrat",172,"Cantwell","Democrat",12
1377,"Kennedy","Democrat",1342,"Graham","Democrat",9
1377,"Kennedy","Democrat",1085,"Snowe","Republican",10
1377,"Kennedy","Democrat",1369,"Inouye","Democrat",11
1377,"Kennedy","Democrat",1531,"Stabenow","Democrat",9
1377,"Kennedy","Democrat",1284,"Biden","Democrat",7
1377,"Kennedy","Democrat",1385,"Lieberman","Independent",11
1377,"Kennedy","Democrat",1379,"Kerry","Democrat",24
1377,"Kennedy","Democrat",179,"Carper","Democrat",6
1377,"Kennedy","Democrat",501,"Harkin","Democrat",12
1377,"Kennedy","Democrat",1036,"Schumer","Democrat",9
1377,"Kennedy","Democrat",1541,"Collins","Republican",17
1377,"Kennedy","Democrat",952,"Reid","Democrat",11
1377,"Kennedy","Democrat",1631,"Clinton","Democrat",25
1377,"Kennedy","Democrat",802,"Mikulski","Democrat",13
1377,"Kennedy","Democrat",1163,"Torricelli","Democrat",13
1377,"Kennedy","Democrat",293,"DeWine","Republican",9
1377,"Kennedy","Democrat",1630,"Corzine","Democrat",17
1377,"Kennedy","Democrat",593,"Jeffords","Independent",14
1377,"Kennedy","Democrat",1285,"Bingaman","Democrat",19
1377,"Kennedy","Democrat",1409,"Murray","Democrat",14
1377,"Kennedy","Democrat",1629,"Dayton","Democrat",9
1377,"Kennedy","Democrat",949,"Reed","Democrat",14
1377,"Kennedy","Democrat",267,"Daschle","Democrat",16
1377,"Kennedy","Democrat",302,"Dodd","Democrat",19
1377,"Kennedy","Democrat",1380,"Kohl","Democrat",7
1377,"Kennedy","Democrat",66,"Baucus","Democrat",9
1377,"Kennedy","Democrat",7,"Akaka","Democrat",9
1377,"Kennedy","Democrat",1424,"Rockefeller","Democrat",10
1377,"Kennedy","Democrat",1572,"Bayh","Democrat",9
1377,"Kennedy","Democrat",1573,"Edwards","Democrat",14
1377,"Kennedy","Democrat",1546,"Landrieu","Democrat",14
1377,"Kennedy","Democrat",1454,"Wellstone","Democrat",18
1377,"Kennedy","Democrat",1680,"Carnahan","Democrat",6
1377,"Kennedy","Democrat",604,"Johnson","Democrat",8
1377,"Kennedy","Democrat",1383,"Leahy","Democrat",17
1377,"Kennedy","Democrat",137,"Brownback","Republican",11
1377,"Kennedy","Democrat",1368,"Hutchison","Republican",6
1377,"Kennedy","Democrat",1017,"Sarbanes","Democrat",11
1377,"Kennedy","Democrat",1437,"Specter","Democrat",6
1377,"Kennedy","Democrat",326,"Durbin","Democrat",22
1377,"Kennedy","Democrat",1612,"Chafee","Republican",9
1377,"Kennedy","Democrat",1384,"Levin","Democrat",9
1377,"Kennedy","Democrat",1331,"Feingold","Democrat",12
1377,"Kennedy","Democrat",1332,"Feinstein","Democrat",15
1377,"Kennedy","Democrat",1549,"Smith","Republican",9
1379,"Kerry","Democrat",7,"Akaka","Democrat",8
1379,"Kerry","Democrat",1612,"Chafee","Republican",7
1379,"Kerry","Democrat",1369,"Inouye","Democrat",7
1379,"Kerry","Democrat",1298,"Burns","Republican",8
1379,"Kerry","Democrat",1384,"Levin","Democrat",13
1379,"Kerry","Democrat",1541,"Collins","Republican",10
1379,"Kerry","Democrat",120,"Breaux","Democrat",6
1379,"Kerry","Democrat",1385,"Lieberman","Independent",16
1379,"Kerry","Democrat",1409,"Murray","Democrat",13
1379,"Kerry","Democrat",1630,"Corzine","Democrat",10
1379,"Kerry","Democrat",1085,"Snowe","Republican",15
1379,"Kerry","Democrat",1570,"Lincoln","Democrat",6
1379,"Kerry","Democrat",1629,"Dayton","Democrat",6
1379,"Kerry","Democrat",1017,"Sarbanes","Democrat",12
1379,"Kerry","Democrat",1454,"Wellstone","Democrat",13
1379,"Kerry","Democrat",66,"Baucus","Democrat",7
1379,"Kerry","Democrat",1540,"Cleland","Democrat",14
1379,"Kerry","Democrat",1546,"Landrieu","Democrat",14
1379,"Kerry","Democrat",1163,"Torricelli","Democrat",12
1379,"Kerry","Democrat",13,"Allen","Republican",7
1379,"Kerry","Democrat",302,"Dodd","Democrat",8
1379,"Kerry","Democrat",1573,"Edwards","Democrat",6
1379,"Kerry","Democrat",326,"Durbin","Democrat",9
1379,"Kerry","Democrat",802,"Mikulski","Democrat",8
1379,"Kerry","Democrat",1377,"Kennedy","Democrat",19
1379,"Kerry","Democrat",1549,"Smith","Republican",6
1379,"Kerry","Democrat",1361,"Hollings","Democrat",13
1379,"Kerry","Democrat",604,"Johnson","Democrat",11
1379,"Kerry","Democrat",1247,"Wyden","Democrat",6
1379,"Kerry","Democrat",1680,"Carnahan","Democrat",12
1379,"Kerry","Democrat",1542,"Enzi","Republican",6
1379,"Kerry","Democrat",1280,"Bennett","Republican",7
1379,"Kerry","Democrat",593,"Jeffords","Independent",11
1379,"Kerry","Democrat",1286,"Bond","Republican",14
1379,"Kerry","Democrat",1285,"Bingaman","Democrat",12
1379,"Kerry","Democrat",952,"Reid","Democrat",6
1379,"Kerry","Democrat",1036,"Schumer","Democrat",10
1379,"Kerry","Democrat",267,"Daschle","Democrat",10
1379,"Kerry","Democrat",1631,"Clinton","Democrat",10
1379,"Kerry","Democrat",172,"Cantwell","Democrat",11
1379,"Kerry","Democrat",116,"Boxer","Democrat",9
1379,"Kerry","Democrat",949,"Reed","Democrat",10
1379,"Kerry","Democrat",1383,"Leahy","Democrat",9
1379,"Kerry","Democrat",1531,"Stabenow","Democrat",7
1379,"Kerry","Democrat",501,"Harkin","Democrat",12
1383,"Leahy","Democrat",1377,"Kennedy","Democrat",8
1383,"Leahy","Democrat",302,"Dodd","Democrat",8
1383,"Leahy","Democrat",1036,"Schumer","Democrat",8
1383,"Leahy","Democrat",604,"Johnson","Democrat",8
1383,"Leahy","Democrat",1284,"Biden","Democrat",6
1383,"Leahy","Democrat",326,"Durbin","Democrat",9
1383,"Leahy","Democrat",593,"Jeffords","Independent",9
1383,"Leahy","Democrat",1351,"Hatch","Republican",11
1383,"Leahy","Democrat",501,"Harkin","Democrat",6
1383,"Leahy","Democrat",1631,"Clinton","Democrat",7
1383,"Leahy","Democrat",1541,"Collins","Republican",6
1383,"Leahy","Democrat",267,"Daschle","Democrat",7
1383,"Leahy","Democrat",1285,"Bingaman","Democrat",6
1383,"Leahy","Democrat",1331,"Feingold","Democrat",11
1384,"Levin","Democrat",1531,"Stabenow","Democrat",20
1384,"Levin","Democrat",326,"Durbin","Democrat",7
1384,"Levin","Democrat",293,"DeWine","Republican",6
1385,"Lieberman","Independent",116,"Boxer","Democrat",6
1385,"Lieberman","Independent",1531,"Stabenow","Democrat",6
1385,"Lieberman","Independent",1036,"Schumer","Democrat",6
1385,"Lieberman","Independent",1379,"Kerry","Democrat",7
1385,"Lieberman","Independent",1624,"Miller","Democrat",6
1385,"Lieberman","Independent",1540,"Cleland","Democrat",8
1385,"Lieberman","Independent",1163,"Torricelli","Democrat",7
1385,"Lieberman","Independent",1342,"Graham","Democrat",6
1385,"Lieberman","Independent",1631,"Clinton","Democrat",7
1385,"Lieberman","Independent",213,"Cochran","Republican",7
1385,"Lieberman","Independent",1546,"Landrieu","Democrat",7
1385,"Lieberman","Independent",1331,"Feingold","Democrat",6
1385,"Lieberman","Independent",1572,"Bayh","Democrat",8
1385,"Lieberman","Independent",501,"Harkin","Democrat",7
1385,"Lieberman","Independent",578,"Hutchinson","Republican",6
1385,"Lieberman","Independent",326,"Durbin","Democrat",9
1385,"Lieberman","Independent",302,"Dodd","Democrat",6
1387,"Lugar","Republican",1545,"Hagel","Republican",10
1387,"Lugar","Republican",213,"Cochran","Republican",8
1395,"McConnell","Republican",146,"Bunning","Republican",9
1395,"McConnell","Republican",1359,"Helms","Republican",7
1395,"McConnell","Republican",11,"Allard","Republican",6
1395,"McConnell","Republican",1548,"Sessions","Republican",6
1395,"McConnell","Republican",1082,"Smith","Republican",7
1408,"Murkowski","Republican",246,"Craig","Republican",6
1408,"Murkowski","Republican",1545,"Hagel","Republican",6
1408,"Murkowski","Republican",583,"Inhofe","Republican",6
1408,"Murkowski","Republican",1440,"Stevens","Republican",17
1409,"Murray","Democrat",172,"Cantwell","Democrat",18
1424,"Rockefeller","Democrat",1379,"Kerry","Democrat",6
1424,"Rockefeller","Democrat",1454,"Wellstone","Democrat",7
1424,"Rockefeller","Democrat",246,"Craig","Republican",8
1424,"Rockefeller","Democrat",1377,"Kennedy","Democrat",7
1424,"Rockefeller","Democrat",267,"Daschle","Democrat",6
1424,"Rockefeller","Democrat",1437,"Specter","Democrat",7
1424,"Rockefeller","Democrat",604,"Johnson","Democrat",6
1424,"Rockefeller","Democrat",1342,"Graham","Democrat",6
1424,"Rockefeller","Democrat",1631,"Clinton","Democrat",6
1437,"Specter","Democrat",13,"Allen","Republican",6
1437,"Specter","Democrat",501,"Harkin","Democrat",9
1437,"Specter","Democrat",1361,"Hollings","Democrat",6
1437,"Specter","Democrat",457,"Grassley","Republican",6
1437,"Specter","Democrat",120,"Breaux","Democrat",6
1437,"Specter","Democrat",1548,"Sessions","Republican",6
1437,"Specter","Democrat",1630,"Corzine","Democrat",6
1437,"Specter","Democrat",1377,"Kennedy","Democrat",7
1437,"Specter","Democrat",1612,"Chafee","Republican",6
1437,"Specter","Democrat",1163,"Torricelli","Democrat",6
1437,"Specter","Democrat",1036,"Schumer","Democrat",7
1437,"Specter","Democrat",1284,"Biden","Democrat",9
1437,"Specter","Democrat",1384,"Levin","Democrat",6
1437,"Specter","Democrat",1540,"Cleland","Democrat",6
1437,"Specter","Democrat",1452,"Warner","Republican",6
1437,"Specter","Democrat",1332,"Feinstein","Democrat",9
1437,"Specter","Democrat",1541,"Collins","Republican",6
1437,"Specter","Democrat",1085,"Snowe","Republican",10
1437,"Specter","Democrat",1379,"Kerry","Democrat",7
1437,"Specter","Democrat",213,"Cochran","Republican",8
1437,"Specter","Democrat",1015,"Santorum","Republican",8
1437,"Specter","Democrat",593,"Jeffords","Independent",8
1437,"Specter","Democrat",802,"Mikulski","Democrat",8
1437,"Specter","Democrat",1424,"Rockefeller","Democrat",7
1437,"Specter","Democrat",326,"Durbin","Democrat",8
1437,"Specter","Democrat",952,"Reid","Democrat",6
1437,"Specter","Democrat",1631,"Clinton","Democrat",8
1447,"Thompson","Republican",1336,"Frist","Republican",6
1448,"Thurmond","Republican",13,"Allen","Republican",6
1448,"Thurmond","Republican",1548,"Sessions","Republican",8
1448,"Thurmond","Republican",1351,"Hatch","Republican",7
1448,"Thurmond","Republican",1624,"Miller","Democrat",6
1448,"Thurmond","Republican",1452,"Warner","Republican",7
1448,"Thurmond","Republican",1379,"Kerry","Democrat",6
1448,"Thurmond","Republican",1361,"Hollings","Democrat",35
1448,"Thurmond","Republican",1630,"Corzine","Democrat",18
1448,"Thurmond","Republican",146,"Bunning","Republican",6
1448,"Thurmond","Republican",1359,"Helms","Republican",8
1452,"Warner","Republican",13,"Allen","Republican",17
1454,"Wellstone","Democrat",952,"Reid","Democrat",6
1454,"Wellstone","Democrat",1331,"Feingold","Democrat",6
1454,"Wellstone","Democrat",1409,"Murray","Democrat",7
1454,"Wellstone","Democrat",1377,"Kennedy","Democrat",8
1454,"Wellstone","Democrat",1630,"Corzine","Democrat",10
1454,"Wellstone","Democrat",1631,"Clinton","Democrat",7
1454,"Wellstone","Democrat",1546,"Landrieu","Democrat",6
1454,"Wellstone","Democrat",1629,"Dayton","Democrat",20
1454,"Wellstone","Democrat",302,"Dodd","Democrat",8
1454,"Wellstone","Democrat",802,"Mikulski","Democrat",7
1454,"Wellstone","Democrat",1036,"Schumer","Democrat",7
1454,"Wellstone","Democrat",326,"Durbin","Democrat",6
1454,"Wellstone","Democrat",1531,"Stabenow","Democrat",8
1454,"Wellstone","Democrat",1379,"Kerry","Democrat",6
1531,"Stabenow","Democrat",1384,"Levin","Democrat",7
1540,"Cleland","Democrat",1629,"Dayton","Democrat",6
1540,"Cleland","Democrat",604,"Johnson","Democrat",6
1540,"Cleland","Democrat",1624,"Miller","Democrat",20
1540,"Cleland","Democrat",1546,"Landrieu","Democrat",8
1540,"Cleland","Democrat",326,"Durbin","Democrat",9
1541,"Collins","Republican",593,"Jeffords","Independent",6
1541,"Collins","Republican",1549,"Smith","Republican",6
1541,"Collins","Republican",1085,"Snowe","Republican",15
1541,"Collins","Republican",1331,"Feingold","Democrat",7
1541,"Collins","Republican",949,"Reed","Democrat",7
1541,"Collins","Republican",1385,"Lieberman","Independent",6
1541,"Collins","Republican",604,"Johnson","Democrat",9
1541,"Collins","Republican",1452,"Warner","Republican",8
1541,"Collins","Republican",1379,"Kerry","Democrat",6
1541,"Collins","Republican",1629,"Dayton","Democrat",6
1541,"Collins","Republican",1285,"Bingaman","Democrat",7
1541,"Collins","Republican",578,"Hutchinson","Republican",11
1541,"Collins","Republican",1540,"Cleland","Democrat",7
1541,"Collins","Republican",293,"DeWine","Republican",7
1541,"Collins","Republican",1546,"Landrieu","Democrat",12
1545,"Hagel","Republican",802,"Mikulski","Democrat",6
1545,"Hagel","Republican",1387,"Lugar","Republican",9
1546,"Landrieu","Democrat",120,"Breaux","Democrat",16
1548,"Sessions","Republican",1049,"Shelby","Republican",7
1548,"Sessions","Republican",578,"Hutchinson","Republican",8
1549,"Smith","Republican",1247,"Wyden","Democrat",10
1570,"Lincoln","Democrat",578,"Hutchinson","Republican",11
1570,"Lincoln","Democrat",1546,"Landrieu","Democrat",9
1570,"Lincoln","Democrat",1541,"Collins","Republican",6
1570,"Lincoln","Democrat",120,"Breaux","Democrat",6
1570,"Lincoln","Democrat",1285,"Bingaman","Democrat",6
1570,"Lincoln","Democrat",308,"Dorgan","Democrat",7
1571,"Fitzgerald","Republican",326,"Durbin","Democrat",8
1572,"Bayh","Democrat",1385,"Lieberman","Independent",6
1572,"Bayh","Democrat",1387,"Lugar","Republican",8
1575,"Voinovich","Republican",293,"DeWine","Republican",9
1612,"Chafee","Republican",949,"Reed","Democrat",6
1629,"Dayton","Democrat",1454,"Wellstone","Democrat",10
1630,"Corzine","Democrat",1631,"Clinton","Democrat",8
1630,"Corzine","Democrat",1163,"Torricelli","Democrat",20
1631,"Clinton","Democrat",1284,"Biden","Democrat",6
1631,"Clinton","Democrat",1384,"Levin","Democrat",6
1631,"Clinton","Democrat",1424,"Rockefeller","Democrat",8
1631,"Clinton","Democrat",66,"Baucus","Democrat",6
1631,"Clinton","Democrat",1385,"Lieberman","Independent",9
1631,"Clinton","Democrat",1383,"Leahy","Democrat",7
1631,"Clinton","Democrat",802,"Mikulski","Democrat",15
1631,"Clinton","Democrat",326,"Durbin","Democrat",10
1631,"Clinton","Democrat",1630,"Corzine","Democrat",17
1631,"Clinton","Democrat",302,"Dodd","Democrat",16
1631,"Clinton","Democrat",1377,"Kennedy","Democrat",8
1631,"Clinton","Democrat",1409,"Murray","Democrat",9
1631,"Clinton","Democrat",1285,"Bingaman","Democrat",8
1631,"Clinton","Democrat",1629,"Dayton","Democrat",11
1631,"Clinton","Democrat",1546,"Landrieu","Democrat",8
1631,"Clinton","Democrat",1163,"Torricelli","Democrat",21
1631,"Clinton","Democrat",1036,"Schumer","Democrat",56
1631,"Clinton","Democrat",116,"Boxer","Democrat",6
1680,"Carnahan","Democrat",1383,"Leahy","Democrat",7
